{
  "id": "visitmanager-env",
  "name": "VisitManager Environment",
  "values": [
    {"key": "baseUrl", "value": "http://localhost:8080", "type": "text", "enabled": true},
    {"key": "branchId", "value": "37493d1c-8282-4417-a729-dceac1f3e2b4", "type": "text", "enabled": true},
    {"key": "servicePointId", "value": "a66ff6f4-4f4a-4009-8602-0dc278024cf2", "type": "text", "enabled": true},
    {"key": "queueId", "value": "c211ae6b-de7b-4350-8a4c-cff7ff98104e", "type": "text", "enabled": true},
    {"key": "entryPointId", "value": "2", "type": "text", "enabled": true},
    {"key": "printerId", "value": "eb7ea46d-c995-4ca0-ba92-c92151473614", "type": "text", "enabled": true},
    {"key": "workProfileId", "value": "d5a84e60-e605-4527-b065-f4bd7a385790", "type": "text", "enabled": true},
    {"key": "serviceId", "value": "c3916e7f-7bea-4490-b9d1-0d4064adbe8b", "type": "text", "enabled": true},
    {"key": "visitId", "value": "55da9b66-c928-4d47-9811-dbbab20d3780", "type": "text", "enabled": true},
    {"key": "outcomeId", "value": "462bac1a-568a-4f1f-9548-1c7b61792b4b", "type": "text", "enabled": true},
    {"key": "deliveredServiceId", "value": "35d73fdd-1597-4d94-a087-fd8a99c9d1ed", "type": "text", "enabled": true},
    {"key": "markId", "value": "04992364-9e96-4ec9-8a05-923766aa57e7", "type": "text", "enabled": true},
    {"key": "userId", "value": "f2fa7ddc-7ff2-43d2-853b-3b548b1b3a89", "type": "text", "enabled": true},
    {"key": "userName", "value": "ivanov", "type": "text", "enabled": true},
    {"key": "poolServicePointId", "value": "a66ff6f4-4f4a-4009-8602-0dc278024cf2", "type": "text", "enabled": true},
    {"key": "sid", "value": "SID-STAFF", "type": "text", "enabled": true},
    {"key": "limit", "value": "10", "type": "text", "enabled": true},
    {"key": "index", "value": "0", "type": "text", "enabled": true},
    {"key": "isAppend", "value": "true", "type": "text", "enabled": true},
    {"key": "transferTimeDelay", "value": "0", "type": "text", "enabled": true},
    {"key": "returnTimeDelay", "value": "60", "type": "text", "enabled": true},
    {"key": "isBreak", "value": "false", "type": "text", "enabled": true},
    {"key": "isForced", "value": "false", "type": "text", "enabled": true},
    {"key": "reason", "value": "", "type": "text", "enabled": true}
  ],
  "_postman_variable_scope": "environment",
  "_postman_exported_at": "2025-09-10T18:00:00Z",
  "_postman_exported_using": "Codex CLI"
}

